epoch,accuracy,loss
1,1.0,0.021486187131517346
2,1.0,0.031063089033016262
3,1.0,0.0354645177428191
4,1.0,0.014758324299820486
5,1.0,0.018030190604514742
